{"cameraMode":{"drawMode":0,"name":"Shaded","section":"Shading Mode"},"sceneLighting":true,"audioPlay":false,"sceneViewState":{"showFog":false,"showMaterialUpdate":false,"showSkybox":false,"showFlares":false,"showImageEffects":false,"showParticleSystems":false},"in2DMode":false,"pivot":{"x":10.033361434936524,"y":15.878217697143555,"z":-0.6042440533638},"rotation":{"x":0.4144870936870575,"y":-0.5717899203300476,"z":0.4104548990726471,"w":0.5768925547599793},"size":2.9002864360809328,"orthographic":false}