{"cameraMode":{"drawMode":0,"name":"Shaded","section":"Shading Mode"},"sceneLighting":false,"audioPlay":false,"sceneViewState":{"showFog":false,"showMaterialUpdate":false,"showSkybox":false,"showFlares":false,"showImageEffects":false,"showParticleSystems":false},"in2DMode":false,"pivot":{"x":3.36647367477417,"y":1.2160284519195557,"z":4.449558258056641},"rotation":{"x":0.03218355402350426,"y":0.9115526676177979,"z":-0.072725810110569,"w":0.40341585874557497},"size":1.3114657402038575,"orthographic":false}