{"cameraMode":{"drawMode":0,"name":"Shaded","section":"Shading Mode"},"sceneLighting":false,"audioPlay":false,"sceneViewState":{"showFog":false,"showMaterialUpdate":false,"showSkybox":false,"showFlares":false,"showImageEffects":false,"showParticleSystems":false},"in2DMode":false,"pivot":{"x":0.16132894158363343,"y":5.092402935028076,"z":-7.601572513580322},"rotation":{"x":0.3859764039516449,"y":0.0176303219050169,"z":-0.007588301785290241,"w":0.9223977327346802},"size":3.1485986709594728,"orthographic":false}