{"cameraMode":{"drawMode":0,"name":"Shaded","section":"Shading Mode"},"sceneLighting":false,"audioPlay":false,"sceneViewState":{"showFog":false,"showMaterialUpdate":false,"showSkybox":false,"showFlares":false,"showImageEffects":false,"showParticleSystems":false},"in2DMode":false,"pivot":{"x":2.2899999618530275,"y":1.2049999237060547,"z":0.6359157562255859},"rotation":{"x":-0.17364546656608582,"y":0.506460964679718,"z":-0.10493922978639603,"w":-0.8380538821220398},"size":3.584717273712158,"orthographic":false}