{"cameraMode":{"drawMode":0,"name":"Shaded","section":"Shading Mode"},"sceneLighting":false,"audioPlay":false,"sceneViewState":{"showFog":false,"showMaterialUpdate":false,"showSkybox":false,"showFlares":false,"showImageEffects":false,"showParticleSystems":false},"in2DMode":false,"pivot":{"x":-0.3803783059120178,"y":-0.7956569194793701,"z":1.000598430633545},"rotation":{"x":-0.25315937399864199,"y":0.07882392406463623,"z":-0.020734980702400209,"w":-0.9640235304832459},"size":3.1485986709594728,"orthographic":false}