{"cameraMode":{"drawMode":0,"name":"Shaded","section":"Shading Mode"},"sceneLighting":false,"audioPlay":false,"sceneViewState":{"showFog":false,"showMaterialUpdate":false,"showSkybox":false,"showFlares":false,"showImageEffects":false,"showParticleSystems":false},"in2DMode":false,"pivot":{"x":2.9592034816741945,"y":1.309999942779541,"z":5.227583885192871},"rotation":{"x":0.17471106350421906,"y":-0.4894682466983795,"z":0.10026588290929795,"w":0.8485059142112732},"size":2.0070159435272219,"orthographic":false}