{"cameraMode":{"drawMode":0,"name":"Shaded","section":"Shading Mode"},"sceneLighting":true,"audioPlay":false,"sceneViewState":{"showFog":false,"showMaterialUpdate":false,"showSkybox":false,"showFlares":false,"showImageEffects":false,"showParticleSystems":false},"in2DMode":false,"pivot":{"x":-14.173194885253907,"y":-7.4382734298706059,"z":26.131484985351564},"rotation":{"x":-0.16668641567230225,"y":0.241902694106102,"z":-0.042224183678627017,"w":-0.9549446702003479},"size":22.0,"orthographic":false}