{"cameraMode":{"drawMode":0,"name":"Shaded","section":"Shading Mode"},"sceneLighting":true,"audioPlay":false,"sceneViewState":{"showFog":false,"showMaterialUpdate":false,"showSkybox":false,"showFlares":false,"showImageEffects":false,"showParticleSystems":false},"in2DMode":false,"pivot":{"x":-4.150908946990967,"y":9.12999153137207,"z":11.2084321975708},"rotation":{"x":-0.026477105915546418,"y":-0.9721595644950867,"z":0.1892944723367691,"w":-0.13589169085025788},"size":3.1485986709594728,"orthographic":false}