{"cameraMode":{"drawMode":0,"name":"Shaded","section":"Shading Mode"},"sceneLighting":true,"audioPlay":false,"sceneViewState":{"showFog":false,"showMaterialUpdate":false,"showSkybox":false,"showFlares":false,"showImageEffects":false,"showParticleSystems":false},"in2DMode":false,"pivot":{"x":-6.428791046142578,"y":0.17563724517822267,"z":11.972766876220704},"rotation":{"x":-0.12139513343572617,"y":0.3345351219177246,"z":-0.04349436238408089,"w":-0.933532178401947},"size":10.0,"orthographic":false}