{"cameraMode":{"drawMode":0,"name":"Shaded","section":"Shading Mode"},"sceneLighting":true,"audioPlay":false,"sceneViewState":{"showFog":false,"showMaterialUpdate":false,"showSkybox":false,"showFlares":false,"showImageEffects":false,"showParticleSystems":false},"in2DMode":false,"pivot":{"x":-0.6805616021156311,"y":-15.486936569213868,"z":36.15669631958008},"rotation":{"x":-0.21141543984413148,"y":0.05040489509701729,"z":-0.010918733663856984,"w":-0.9760417938232422},"size":22.0,"orthographic":false}