{"cameraMode":{"drawMode":0,"name":"Shaded","section":"Shading Mode"},"sceneLighting":true,"audioPlay":false,"sceneViewState":{"showFog":false,"showMaterialUpdate":false,"showSkybox":false,"showFlares":false,"showImageEffects":false,"showParticleSystems":false},"in2DMode":false,"pivot":{"x":-2.493892192840576,"y":-0.5681695938110352,"z":7.983247756958008},"rotation":{"x":-0.22916698455810548,"y":-0.027155544608831407,"z":0.006402055732905865,"w":-0.9730016589164734},"size":10.0,"orthographic":false}