{"cameraMode":{"drawMode":0,"name":"Shaded","section":"Shading Mode"},"sceneLighting":true,"audioPlay":false,"sceneViewState":{"showFog":false,"showMaterialUpdate":false,"showSkybox":false,"showFlares":false,"showImageEffects":false,"showParticleSystems":false},"in2DMode":false,"pivot":{"x":2.5573298931121828,"y":2.951992988586426,"z":4.5495710372924809},"rotation":{"x":-0.02927691861987114,"y":-0.9033085703849793,"z":0.06278545409440994,"w":-0.424029678106308},"size":2.673847198486328,"orthographic":false}