{"cameraMode":{"drawMode":0,"name":"Shaded","section":"Shading Mode"},"sceneLighting":false,"audioPlay":false,"sceneViewState":{"showFog":false,"showMaterialUpdate":false,"showSkybox":false,"showFlares":false,"showImageEffects":false,"showParticleSystems":false},"in2DMode":false,"pivot":{"x":2.9592034816741945,"y":1.309999942779541,"z":5.227583885192871},"rotation":{"x":0.1254516988992691,"y":-0.09479881078004837,"z":0.011595877818763256,"w":0.987554669380188},"size":1.5790671110153199,"orthographic":false}