{"cameraMode":{"drawMode":0,"name":"Shaded","section":"Shading Mode"},"sceneLighting":true,"audioPlay":false,"sceneViewState":{"showFog":false,"showMaterialUpdate":false,"showSkybox":false,"showFlares":false,"showImageEffects":false,"showParticleSystems":false},"in2DMode":false,"pivot":{"x":-0.902767539024353,"y":2.475506067276001,"z":9.794528007507325},"rotation":{"x":-0.013953386805951596,"y":-0.9860901832580566,"z":0.12071188539266586,"w":-0.11378702521324158},"size":3.1485986709594728,"orthographic":false}