{"cameraMode":{"drawMode":0,"name":"Shaded","section":"Shading Mode"},"sceneLighting":true,"audioPlay":false,"sceneViewState":{"showFog":false,"showMaterialUpdate":false,"showSkybox":false,"showFlares":false,"showImageEffects":false,"showParticleSystems":false},"in2DMode":false,"pivot":{"x":-1.7772319316864014,"y":7.404562950134277,"z":3.0457088947296144},"rotation":{"x":-0.11392420530319214,"y":-0.8840831518173218,"z":0.2884730398654938,"w":-0.3499477207660675},"size":4.071259498596191,"orthographic":false}