{"cameraMode":{"drawMode":0,"name":"Shaded","section":"Shading Mode"},"sceneLighting":false,"audioPlay":false,"sceneViewState":{"showFog":false,"showMaterialUpdate":false,"showSkybox":false,"showFlares":false,"showImageEffects":false,"showParticleSystems":false},"in2DMode":false,"pivot":{"x":-0.3312903046607971,"y":-0.27236711978912356,"z":2.29134464263916},"rotation":{"x":-0.11999715864658356,"y":0.021433046087622644,"z":-0.0026129218749701978,"w":-0.992576539516449},"size":3.1485986709594728,"orthographic":false}