{"cameraMode":{"drawMode":0,"name":"Shaded","section":"Shading Mode"},"sceneLighting":false,"audioPlay":false,"sceneViewState":{"showFog":false,"showMaterialUpdate":false,"showSkybox":false,"showFlares":false,"showImageEffects":false,"showParticleSystems":false},"in2DMode":false,"pivot":{"x":3.36647367477417,"y":1.2160284519195557,"z":4.449558258056641},"rotation":{"x":0.004298337735235691,"y":0.9907563328742981,"z":-0.131658673286438,"w":0.032358597964048389},"size":1.3114657402038575,"orthographic":false}