{"cameraMode":{"drawMode":0,"name":"Shaded","section":"Shading Mode"},"sceneLighting":true,"audioPlay":false,"sceneViewState":{"showFog":false,"showMaterialUpdate":false,"showSkybox":false,"showFlares":false,"showImageEffects":false,"showParticleSystems":false},"in2DMode":false,"pivot":{"x":3.5634469985961916,"y":2.291003704071045,"z":3.3784403800964357},"rotation":{"x":0.08660858869552612,"y":-0.21719801425933839,"z":0.01913313753902912,"w":0.9720931649208069},"size":1.8791394233703614,"orthographic":false}