{"cameraMode":{"drawMode":0,"name":"Shaded","section":"Shading Mode"},"sceneLighting":false,"audioPlay":false,"sceneViewState":{"showFog":false,"showMaterialUpdate":false,"showSkybox":false,"showFlares":false,"showImageEffects":false,"showParticleSystems":false},"in2DMode":false,"pivot":{"x":2.8069546222686769,"y":1.2569247484207154,"z":5.091087818145752},"rotation":{"x":-0.005628664046525955,"y":-0.08504283428192139,"z":-0.0009222218650393188,"w":0.9964228868484497},"size":1.5790671110153199,"orthographic":false}