{"cameraMode":{"drawMode":0,"name":"Shaded","section":"Shading Mode"},"sceneLighting":true,"audioPlay":false,"sceneViewState":{"showFog":false,"showMaterialUpdate":false,"showSkybox":false,"showFlares":false,"showImageEffects":false,"showParticleSystems":false},"in2DMode":false,"pivot":{"x":7.400899887084961,"y":5.3815155029296879,"z":-0.6285374164581299},"rotation":{"x":0.20059248805046082,"y":-0.3936406373977661,"z":0.08797764033079148,"w":0.892859697341919},"size":2.056328296661377,"orthographic":false}