{"cameraMode":{"drawMode":0,"name":"Shaded","section":"Shading Mode"},"sceneLighting":false,"audioPlay":false,"sceneViewState":{"showFog":false,"showMaterialUpdate":false,"showSkybox":false,"showFlares":false,"showImageEffects":false,"showParticleSystems":false},"in2DMode":false,"pivot":{"x":-8.320829391479493,"y":6.250500679016113,"z":10.025399208068848},"rotation":{"x":-0.02020391821861267,"y":-0.20118963718414308,"z":-0.0044873361475765709,"w":0.9796714782714844},"size":10.0,"orthographic":false}