{"cameraMode":{"drawMode":0,"name":"Shaded","section":"Shading Mode"},"sceneLighting":true,"audioPlay":false,"sceneViewState":{"showFog":false,"showMaterialUpdate":false,"showSkybox":false,"showFlares":false,"showImageEffects":false,"showParticleSystems":false},"in2DMode":false,"pivot":{"x":-0.25863730907440188,"y":-1.3656539916992188,"z":0.2296619415283203},"rotation":{"x":-0.39153853058815,"y":0.008816883899271489,"z":-0.0037775954697281124,"w":-0.9201423525810242},"size":10.0,"orthographic":false}