{"cameraMode":{"drawMode":0,"name":"Shaded","section":"Shading Mode"},"sceneLighting":true,"audioPlay":false,"sceneViewState":{"showFog":false,"showMaterialUpdate":false,"showSkybox":false,"showFlares":false,"showImageEffects":false,"showParticleSystems":false},"in2DMode":false,"pivot":{"x":2.206225872039795,"y":3.1296679973602297,"z":3.067121982574463},"rotation":{"x":0.024361303076148034,"y":-0.5400979518890381,"z":0.01538096833974123,"w":0.8411251902580261},"size":2.9002864360809328,"orthographic":false}