{"cameraMode":{"drawMode":0,"name":"Shaded","section":"Shading Mode"},"sceneLighting":false,"audioPlay":false,"sceneViewState":{"showFog":false,"showMaterialUpdate":false,"showSkybox":false,"showFlares":false,"showImageEffects":false,"showParticleSystems":false},"in2DMode":false,"pivot":{"x":2.9592034816741945,"y":1.309999942779541,"z":5.227583885192871},"rotation":{"x":0.12425702065229416,"y":-0.0651271864771843,"z":0.0076994216069579128,"w":0.9901191592216492},"size":1.5790671110153199,"orthographic":false}