{"cameraMode":{"drawMode":0,"name":"Shaded","section":"Shading Mode"},"sceneLighting":true,"audioPlay":false,"sceneViewState":{"showFog":false,"showMaterialUpdate":false,"showSkybox":false,"showFlares":false,"showImageEffects":false,"showParticleSystems":false},"in2DMode":false,"pivot":{"x":6.1705002784729,"y":4.790750503540039,"z":0.346820592880249},"rotation":{"x":0.16004446148872376,"y":-0.43177530169487,"z":0.07761089503765106,"w":0.8843172192573547},"size":2.9002864360809328,"orthographic":false}