{"cameraMode":{"drawMode":0,"name":"Shaded","section":"Shading Mode"},"sceneLighting":false,"audioPlay":false,"sceneViewState":{"showFog":false,"showMaterialUpdate":false,"showSkybox":false,"showFlares":false,"showImageEffects":false,"showParticleSystems":false},"in2DMode":false,"pivot":{"x":2.8781182765960695,"y":1.0974494218826295,"z":6.919754981994629},"rotation":{"x":0.10644444078207016,"y":-0.057465098798274997,"z":0.005948671139776707,"w":0.9926425218582153},"size":3.1485989093780519,"orthographic":false}