{"cameraMode":{"drawMode":0,"name":"Shaded","section":"Shading Mode"},"sceneLighting":true,"audioPlay":false,"sceneViewState":{"showFog":false,"showMaterialUpdate":false,"showSkybox":false,"showFlares":false,"showImageEffects":false,"showParticleSystems":false},"in2DMode":false,"pivot":{"x":1.6748806238174439,"y":9.033162117004395,"z":6.942731857299805},"rotation":{"x":-0.03045419603586197,"y":-0.9385148286819458,"z":0.3328852355480194,"w":-0.08705472201108933},"size":2.056328296661377,"orthographic":false}