{"cameraMode":{"drawMode":0,"name":"Shaded","section":"Shading Mode"},"sceneLighting":false,"audioPlay":false,"sceneViewState":{"showFog":false,"showMaterialUpdate":false,"showSkybox":false,"showFlares":false,"showImageEffects":false,"showParticleSystems":false},"in2DMode":false,"pivot":{"x":-2.337085723876953,"y":-0.926285982131958,"z":0.943350076675415},"rotation":{"x":-0.24481460452079774,"y":0.3737451434135437,"z":-0.10298895835876465,"w":-0.8887336254119873},"size":3.1485986709594728,"orthographic":false}