{"cameraMode":{"drawMode":0,"name":"Shaded","section":"Shading Mode"},"sceneLighting":false,"audioPlay":false,"sceneViewState":{"showFog":false,"showMaterialUpdate":false,"showSkybox":false,"showFlares":false,"showImageEffects":false,"showParticleSystems":false},"in2DMode":false,"pivot":{"x":5.715000152587891,"y":1.8599998950958253,"z":5.185000419616699},"rotation":{"x":0.1522645652294159,"y":-0.5524020195007324,"z":0.10290179401636124,"w":0.8131434917449951},"size":5.510047912597656,"orthographic":false}