{"cameraMode":{"drawMode":0,"name":"Shaded","section":"Shading Mode"},"sceneLighting":true,"audioPlay":false,"sceneViewState":{"showFog":false,"showMaterialUpdate":false,"showSkybox":false,"showFlares":false,"showImageEffects":false,"showParticleSystems":false},"in2DMode":false,"pivot":{"x":-19.92363166809082,"y":-12.755002975463868,"z":28.578445434570314},"rotation":{"x":-0.18506570160388947,"y":0.33627063035964968,"z":-0.06756869703531265,"w":-0.9209393858909607},"size":22.0,"orthographic":false}