{"cameraMode":{"drawMode":0,"name":"Shaded","section":"Shading Mode"},"sceneLighting":true,"audioPlay":false,"sceneViewState":{"showFog":false,"showMaterialUpdate":false,"showSkybox":false,"showFlares":false,"showImageEffects":false,"showParticleSystems":false},"in2DMode":false,"pivot":{"x":27.590116500854493,"y":-11.936854362487793,"z":7.652054786682129},"rotation":{"x":-0.18098144233226777,"y":-0.5974848866462708,"z":0.14072242379188538,"w":-0.7684159278869629},"size":22.0,"orthographic":false}